rating,star,title,quote,writer,director,link,year,genre
9.2,"理查·基尔,萨拉·罗默尔,琼·艾伦",忠犬八公的故事 Hachi: A Dog's Tale,永远都不能忘记你所爱的人。,"Stephen P. Lindsey,新藤兼人",莱塞·霍尔斯道姆,http://www.imdb.com/title/tt1028532,2009,剧情
9.2,"杰拉尔·朱诺,弗朗西斯·贝尔兰德,凯德·麦拉德",放牛班的春天 Les choristes,天籁一般的童声，是最接近上帝的存在。 ,"克里斯托夫·巴拉蒂,Philippe Lopes-Curval",克里斯托夫·巴拉蒂,http://www.imdb.com/title/tt0372824,2004,"剧情,音乐,儿童"
9.1,"莱昂纳多·迪卡普里奥,凯特·温丝莱特,比利·赞恩",泰坦尼克号 Titanic,失去的才是永恒的。 ,詹姆斯·卡梅隆,詹姆斯·卡梅隆,"http://www.titanicmovie.com,http://www.imdb.com/title/tt0120338",1997,"剧情,爱情,灾难"
9.2,"莱昂纳多·迪卡普里奥,约瑟夫·高登-莱维特,艾伦·佩吉",盗梦空间 Inception,诺兰给了我们一场无法盗取的梦。,克里斯托弗·诺兰,克里斯托弗·诺兰,"http://www.imdb.com/title/tt1375666,https://site.douban.com/106310/",2010,"剧情,动作,科幻,悬疑,冒险"
9.1,"阿米尔·汗,卡琳娜·卡普尔,马达范",三傻大闹宝莱坞 3 Idiots,英俊版憨豆，高情商版谢耳朵。,"Vidhu Vinod Chopra,拉吉库马尔·希拉尼,阿西奇·乔希",拉吉库马尔·希拉尼,http://www.imdb.com/title/tt1187043,2009,"剧情,喜剧,爱情,歌舞"
9.2,"蒂姆·罗斯,普路特·泰勒·文斯,比尔·努恩",海上钢琴师 La leggenda del pianista sull'oceano,每个人都要走一条自己坚定了的路，就算是粉身碎骨。 ,"亚利桑德罗·巴里克,朱塞佩·托纳多雷",朱塞佩·托纳多雷,http://www.imdb.com/title/tt0120731,1998,"剧情,音乐"
9.4,"连姆·尼森,本·金斯利,拉尔夫·费因斯",辛德勒的名单 Schindler's List,拯救一个人，就是拯救整个世界。,"托马斯·肯尼利,斯蒂文·泽里安",史蒂文·斯皮尔伯格,http://www.imdb.com/title/tt0108052,1993,"剧情,历史,战争"
9.2,"柊瑠美,入野自由,夏木真理",千与千寻 千と千尋の神隠し,最好的宫崎骏，最好的久石让。 ,宫崎骏,宫崎骏,http://www.imdb.com/title/tt0245429,2001,"剧情,动画,奇幻"
9.3,"本·贝尔特,艾丽莎·奈特,杰夫·格尔林",机器人总动员 WALL·E,小瓦力，大人生。,"安德鲁·斯坦顿,吉姆·里尔顿,彼特·道格特",安德鲁·斯坦顿,"http://www.pixar.com/features_films/WALLE,http://www.imdb.com/title/tt0910970",2008,"喜剧,爱情,科幻,动画,冒险"
9.5,"罗伯托·贝尼尼,尼可莱塔·布拉斯基,乔治·坎塔里尼",美丽人生 La vita è bella,最美的谎言。,"文森佐·克拉米,罗伯托·贝尼尼",罗伯托·贝尼尼,http://www.imdb.com/title/tt0118799,1997,"剧情,喜剧,爱情"
9.4,"张国荣,张丰毅,巩俐",霸王别姬,风华绝代。,"芦苇,李碧华",陈凯歌,http://www.imdb.com/title/tt0106332,1993,"剧情,爱情,同性"
9.4,"汤姆·汉克斯,罗宾·怀特,加里·西尼斯",阿甘正传 Forrest Gump,一部美国近现代史。,"艾瑞克·罗斯,Winston Groom",罗伯特·泽米吉斯,http://www.imdb.com/title/tt0109830,1994,"剧情,爱情"
9.4,"让·雷诺,娜塔莉·波特曼,加里·奥德曼",这个杀手不太冷 Léon,怪蜀黍和小萝莉不得不说的故事。,吕克·贝松,吕克·贝松,http://www.imdb.com/title/tt0110413,1994,"剧情,动作,犯罪"
9.6,"蒂姆·罗宾斯,摩根·弗里曼,鲍勃·冈顿",肖申克的救赎 The Shawshank Redemption,希望让人自由。,"弗兰克·德拉邦特,斯蒂芬·金",弗兰克·德拉邦特,http://www.imdb.com/title/tt0111161,1994,"剧情,犯罪"
8.9,"奥黛丽·赫本,格利高里·派克,埃迪·艾伯特",罗马假日 Roman Holiday,爱情哪怕只有一天。,"达尔顿·特朗勃,伊安·麦克莱伦·亨特,约翰·戴顿",威廉·惠勒,http://www.imdb.com/title/tt0046250,1953,"剧情,喜剧,爱情"
9.1,"维果·莫腾森,伊利亚·伍德,西恩·奥斯汀",指环王3：王者无敌 The Lord of the Rings: The Return of the King,史诗的终章。,"弗兰·威尔士,菲利帕·鲍恩斯,彼得·杰克逊,J·R·R·托尔金",彼得·杰克逊,"http://www.lordoftherings.net/,http://www.imdb.com/title/tt0167260",2003,"剧情,动作,奇幻,冒险"
9.0,"金·凯瑞,劳拉·琳妮,艾德·哈里斯",楚门的世界 The Truman Show,如果再也不能见到你，祝你早安，午安，晚安。,安德鲁·尼科尔,彼得·威尔,http://www.imdb.com/title/tt0120382,1998,剧情
8.9,"威尔·史密斯,贾登·史密斯,坦迪·牛顿",当幸福来敲门 The Pursuit of Happyness,平民励志片。 ,史帝文·康拉德,加布里尔·穆奇诺,http://www.imdb.com/title/tt0454921,2006,"剧情,家庭,传记"
9.1,"安东娜拉·塔莉,恩佐·卡拉瓦勒,艾萨·丹尼埃利",天堂电影院 Nuovo Cinema Paradiso,那些吻戏，那些青春，都在影院的黑暗里被泪水冲刷得无比清晰。,"Carl Paoli,朱塞佩·托纳多雷",朱塞佩·托纳多雷,http://www.imdb.com/title/tt0095765,1988,"剧情,爱情"
9.2,"克拉克·盖博,费雯·丽,莱斯利·霍华德",乱世佳人 Gone with the Wind,Tomorrow is another day.,"西德尼·霍华德,奥利弗·H·P·加勒特,本·赫克特,乔·斯沃林,约翰·范·德鲁登,玛格丽特·米歇尔","维克多·弗莱明,乔治·库克,山姆·伍德",http://www.imdb.com/title/tt0031381,1939,"剧情,爱情,战争"
9.1,"周星驰,吴孟达,朱茵",大话西游之大圣娶亲 西遊記大結局之仙履奇緣,一生所爱。,"刘镇伟,吴承恩",刘镇伟,http://www.imdb.com/title/tt0114996,1995,"喜剧,动作,爱情,奇幻,冒险"
9.2,"马龙·白兰度,阿尔·帕西诺,詹姆斯·凯恩",教父 The Godfather,千万不要记恨你的对手，这样会让你失去理智。,"马里奥·普佐,弗朗西斯·福特·科波拉",弗朗西斯·福特·科波拉,http://www.imdb.com/title/tt0068646,1972,"剧情,犯罪"
9.1,"日高法子,坂本千夏,岛本须美",龙猫 となりのトトロ,人人心中都有个龙猫，童年就永远不会消失。,宫崎骏,宫崎骏,http://www.imdb.com/title/tt0096283,1988,"动画,奇幻"
8.8,"中山美穗,酒井美纪,柏原崇",情书 Love Letter,暗恋的极致。,岩井俊二,岩井俊二,http://www.imdb.com/title/tt0113703,1995,"剧情,爱情"
8.8,"倍赏千惠子,木村拓哉,美轮明宏",哈尔的移动城堡 ハウルの動く城,带着心爱的人在天空飞翔。,"宫崎骏,吉田玲子",宫崎骏,http://www.imdb.com/title/tt0347149,2004,"爱情,动画,奇幻,冒险"
8.7,"摩根·弗里曼,布拉德·皮特,凯文·史派西",七宗罪 Se7en,警察抓小偷，老鼠玩死猫。,安德鲁·凯文·沃克,大卫·芬奇,http://www.imdb.com/title/tt0114369,1995,"剧情,悬疑,惊悚,犯罪"
8.9,"伊利亚·伍德,西恩·奥斯汀,伊恩·麦克莱恩",指环王1：魔戒再现 The Lord of the Rings: The Fellowship of the Ring,传说的开始。,"弗兰·威尔士,菲利帕·鲍恩斯,彼得·杰克逊,J·R·R·托尔金",彼得·杰克逊,"http://www.lordoftherings.net,http://www.imdb.com/title/tt0120737",2001,"剧情,动作,奇幻,冒险"
8.9,"伊利亚·伍德,西恩·奥斯汀,伊恩·麦克莱恩",指环王2：双塔奇兵 The Lord of the Rings: The Two Towers,承前启后的史诗篇章。,"弗兰·威尔士,菲利帕·鲍恩斯,Stephen Sinclair,彼得·杰克逊,J·R·R·托尔金",彼得·杰克逊,"http://www.lordoftherings.net,http://www.imdb.com/title/tt0167261",2002,"剧情,动作,奇幻,冒险"
9.1,"阿尔·帕西诺,罗伯特·杜瓦尔,黛安·基顿",教父2 The Godfather: Part Ⅱ,优雅的孤独。,"马里奥·普佐,弗朗西斯·福特·科波拉",弗朗西斯·福特·科波拉,http://www.imdb.com/title/tt0071562,1974,"剧情,犯罪"
8.9,"罗素·克劳,詹妮弗·康纳利,艾德·哈里斯",美丽心灵 A Beautiful Mind,爱是一切逻辑和原由。,"阿齐瓦·高斯曼,西尔维娅·纳萨尔",朗·霍华德,http://www.imdb.com/title/tt0268978,2001,"剧情,传记"
9.0,"葛优,巩俐,姜武",活着,张艺谋最好的电影。,"余华,芦苇",张艺谋,http://www.imdb.com/title/tt0110081,1994,"剧情,家庭"
8.9,"阿尔·帕西诺,克里斯·奥唐纳,詹姆斯·瑞布霍恩",闻香识女人 Scent of a Woman,史上最美的探戈。,"博·古德曼,乔瓦尼·阿尔皮诺",马丁·布莱斯,http://www.imdb.com/title/tt0105323,1992,剧情
8.7,"奥黛丽·塔图,马修·卡索维茨,贾梅尔·杜布兹",天使爱美丽 Le fabuleux destin d'Amélie Poulain,法式小清新。 ,"吉罗姆·洛朗,让-皮埃尔·热内",让-皮埃尔·热内,http://www.imdb.com/title/tt0211915,2001,"喜剧,爱情"
9.1,"弗朗索瓦·克鲁塞,奥玛·赛,安乐妮",触不可及 Intouchables,满满温情的高雅喜剧。,"奥利维·那卡什,艾力克·托兰达","奥利维·那卡什,艾力克·托兰达",http://www.imdb.com/title/tt1675434,2011,"剧情,喜剧"
8.9,"吴倩莲,杨贵媚,王渝文",饮食男女 飲食男女,人生不能像做菜，把所有的料都准备好了才下锅。,"李安,王蕙玲,詹姆斯·夏慕斯",李安,http://www.imdb.com/title/tt0111797,1994,"剧情,家庭"
8.8,"松田洋治,石田百合子,田中裕子",幽灵公主 もののけ姫,人与自然的战争史诗。,宫崎骏,宫崎骏,http://www.imdb.com/title/tt0119698,1997,"动画,奇幻,冒险"
8.7,"梁朝伟,张国荣,张学友",射雕英雄传之东成西就 射鵰英雄傳之東成西就,百看不厌。 ,刘镇伟,刘镇伟,http://www.imdb.com/title/tt0108074,1993,"喜剧,古装"
8.7,"姜文,葛优,周润发",让子弹飞,你给我翻译翻译，神马叫做TMD的惊喜。,"朱苏进,述平,姜文,郭俊立,危笑,李不空,马识途",姜文,"http://www.imdb.com/title/tt1533117,https://site.douban.com/106755/",2010,"剧情,喜剧,动作,西部"
8.7,"伊万·麦克格雷格,阿尔伯特·芬尼,比利·克鲁德普",大鱼 Big Fish,抱着梦想而活着的人是幸福的，怀抱梦想而死去的人是不朽的。,"Daniel Wallace,约翰·奥古斯特",蒂姆·波顿,http://www.imdb.com/title/tt0319061,2003,"剧情,家庭,奇幻,冒险"
8.8,"布鲁斯·威利斯,海利·乔·奥斯蒙,托妮·科莱特",第六感 The Sixth Sense,深入内心的恐怖，出人意料的结局。,M·奈特·沙马兰,M·奈特·沙马兰,http://www.imdb.com/title/tt0167404,1999,"剧情,悬疑,惊悚"
8.8,"汤姆·汉克斯,汤姆·塞兹摩尔,爱德华·伯恩斯",拯救大兵瑞恩 Saving Private Ryan,美利坚精神输出大片No1.,罗伯特·罗达特,史蒂文·斯皮尔伯格,"http://www.rzm.com/pvt.ryan/index.html,http://www.imdb.com/title/tt0120815",1998,"剧情,历史,战争"
8.7,"基努·里维斯,凯瑞-安·莫斯,劳伦斯·菲什伯恩",黑客帝国 The Matrix,视觉革命。,"莉莉·沃卓斯基,拉娜·沃卓斯基","莉莉·沃卓斯基,拉娜·沃卓斯基",http://www.imdb.com/title/tt0133093,1999,"动作,科幻"
8.7,"朱迪·福斯特,安东尼·霍普金斯,斯科特·格伦",沉默的羔羊 The Silence of the Lambs,安东尼·霍普金斯的顶级表演。,"Thomas Harris,泰德·塔里",乔纳森·戴米,http://www.imdb.com/title/tt0102926,1991,"剧情,惊悚,犯罪"
8.7,"布拉德·皮特,凯特·布兰切特,塔拉吉·P·汉森",本杰明·巴顿奇事 The Curious Case of Benjamin Button,在时间之河里感受溺水之苦。,"艾瑞克·罗斯,罗宾·史威考德,F·司各特·菲茨杰拉德",大卫·芬奇,http://www.imdb.com/title/tt0421715,2008,"剧情,爱情,奇幻"
9.1,"马修·麦康纳,安妮·海瑟薇,杰西卡·查斯坦",星际穿越 Interstellar,爱是一种力量，让我们超越时空感知它的存在。,"乔纳森·诺兰,克里斯托弗·诺兰",克里斯托弗·诺兰,"http://www.interstellarmovie.com,http://www.imdb.com/title/tt0816692,https://movie.douban.com/events/interstellar",2014,"剧情,科幻,悬疑,家庭,冒险"
8.9,"托妮·科莱特,菲利普·塞默·霍夫曼,艾瑞克·巴纳",玛丽和马克思 Mary and Max,你是我最好的朋友，你是我唯一的朋友 。,亚当·艾略特,亚当·艾略特,"http://www.maryandmax.com/,http://www.imdb.com/title/tt0978762",2009,"剧情,爱情,动画"
8.7,"阿什顿·库彻,艾米·斯马特,埃尔登·汉森",蝴蝶效应 The Butterfly Effect,人的命运被自己瞬间的抉择改变。,"J.麦基·格鲁伯,埃里克·布雷斯","埃里克·布雷斯,J.麦基·格鲁伯",http://www.imdb.com/title/tt0289879,2004,"剧情,科幻,悬疑,惊悚"
8.8,"本木雅弘,广末凉子,山崎努",入殓师 おくりびと,死可能是一道门，逝去并不是终结，而是超越，走向下一程。,小山薰堂,泷田洋二郎,"http://www.okuribito.jp,http://www.imdb.com/title/tt1069238",2008,剧情
8.7,"约翰·特拉沃尔塔,乌玛·瑟曼,阿曼达·普拉莫",低俗小说 Pulp Fiction,故事的高级讲法。,"昆汀·塔伦蒂诺,罗杰·阿夫瑞",昆汀·塔伦蒂诺,http://www.imdb.com/title/tt0110912,1994,"剧情,犯罪"
9.5,"泰隆·鲍华,玛琳·黛德丽,查尔斯·劳顿",控方证人 Witness for the Prosecution,比利·怀德满分作品。,"阿加莎·克里斯蒂,比利·怀德,哈里·库尼兹",比利·怀德,http://www.imdb.com/title/tt0051201,1957,"剧情,悬疑,犯罪"
8.8,"本名阳子,小林桂树,高山南",侧耳倾听 耳をすませば,少女情怀总是诗。,"宫崎骏,柊葵",近藤喜文,http://www.imdb.com/title/tt0113824,1995,"剧情,爱情,动画,音乐"
8.8,"安东尼·霍普金斯,布拉德·皮特,朱莉娅·奥蒙德",燃情岁月 Legends of the Fall,传奇，不是每个人都可以拥有。,"William D. Wittliff,Susan Shilliday",爱德华·兹威克,http://www.imdb.com/title/tt0110322,1994,"剧情,爱情,家庭,西部"
8.7,"杰伊·巴鲁切尔,杰拉德·巴特勒,克雷格·费格森",驯龙高手 How to Train Your Dragon,和谐的生活离不开摸头与被摸头。,"威廉姆·戴维斯,迪恩·德布洛斯,克里斯·桑德斯,葛蕾熙达·柯维尔","迪恩·德布洛斯,克里斯·桑德斯","http://www.dreamworksdragons.com/,http://www.imdb.com/title/tt0892769",2010,"喜剧,动画,家庭,奇幻,冒险"
9.0,"皮尔斯·布鲁斯南,雅克·贝汉,姜文",海洋 Océans,大海啊，不全是水。,"Christophe Cheysson, 雅克·克鲁奥德,Laurent Debas,Stéphane Durand,Laurent Gaudé,雅克·贝汉,François Sarano","雅克·贝汉, 雅克·克鲁奥德","http://www.oceans-lefilm.com,http://www.imdb.com/title/tt0765128,https://site.douban.com/122492/",2009,纪录片
8.7,"伊桑·霍克,朱莉·德尔佩,弗农·多布切夫",爱在日落黄昏时 Before Sunset,九年后的重逢是世俗和责任的交叠，没了悸动和青涩，沧桑而温暖。,"理查德·林克莱特,朱莉·德尔佩,伊桑·霍克,金·克里桑",理查德·林克莱特,http://www.imdb.com/title/tt0381681,2004,"剧情,爱情"
8.8,"吴念真,李凯莉,金燕玲",一一,我们都曾经是一一。,杨德昌,杨德昌,http://www.imdb.com/title/tt0244316,2000,"剧情,爱情,家庭"
8.6,"萨姆·沃辛顿,佐伊·索尔达娜,西格妮·韦弗",阿凡达 Avatar,绝对意义上的美轮美奂。,詹姆斯·卡梅隆,詹姆斯·卡梅隆,"http://www.avatarmovie.com,http://www.imdb.com/title/tt0499549",2009,"动作,科幻,奇幻,冒险"
8.6,"松隆子,冈田将生,木村佳乃",告白,没有一人完全善，也没有一人完全恶。,"中岛哲也,凑佳苗",中岛哲也,"http://kokuhaku-shimasu.jp,http://www.imdb.com/title/tt1590089",2010,"剧情,惊悚"
8.7,"伊桑·霍克,朱莉·德尔佩,安德莉亚·埃克特",爱在黎明破晓前 Before Sunrise,缘分是个连绵词，最美不过一瞬。,"理查德·林克莱特,金·克里桑",理查德·林克莱特,http://www.imdb.com/title/tt0112471,1995,"剧情,爱情"
8.7,"拉尔夫·费因斯,托尼·雷沃罗利,艾德里安·布洛迪",布达佩斯大饭店 The Grand Budapest Hotel,小清新的故事里注入了大历史的情怀。,"韦斯·安德森,雨果·吉尼斯",韦斯·安德森,"http://www.grandbudapesthotel.com,http://www.imdb.com/title/tt2278388",2014,"剧情,喜剧"
8.5,"张国荣,张曼玉,梁朝伟",东邪西毒 東邪西毒,电影诗。,"王家卫,金庸",王家卫,http://www.imdb.com/title/tt0109688,1994,"剧情,动作,爱情,武侠,古装"
8.7,"仲里依纱,石田卓也,板仓光隆",穿越时空的少女 時をかける少女,爱上未来的你。 ,"奥寺佐渡子,筒井康隆",细田守,"http://www.kadokawa.co.jp/tokikake/,http://www.imdb.com/title/tt0808506",2006,"剧情,爱情,科幻,动画"
8.8,"岛本须美,京田尚子,松田洋治",风之谷 風の谷のナウシカ,动画片的圣经。,宫崎骏,宫崎骏,http://www.imdb.com/title/tt0087544,1984,"科幻,动画,奇幻,冒险"
8.8,"尼古拉斯·凯奇,瑞恩·雷诺兹,艾玛·斯通",疯狂原始人 The Croods,老少皆宜，这就是好莱坞动画的魅力。,"克里斯·桑德斯,柯克·德·米科","柯克·德·米科,克里斯·桑德斯",http://www.imdb.com/title/tt0481499,2013,"喜剧,动画,冒险"
8.8,"费雯·丽,罗伯特·泰勒,露塞尔·沃特森",魂断蓝桥 Waterloo Bridge,中国式内在的美国电影。,"乔治·弗罗斯切尔,Hans Rameau,罗伯特·E·舍伍德,塞缪尔·N·贝尔曼",茂文·勒鲁瓦,http://www.imdb.com/title/tt0033238,1940,"剧情,爱情,战争"
8.7,"马特·达蒙,朱丽娅·斯蒂尔斯,大卫·斯特雷泽恩",谍影重重3 The Bourne Ultimatum,像吃了苏打饼一样干脆的电影。,"托尼·吉尔罗伊,斯科特·Z·本恩斯",保罗·格林格拉斯,http://www.imdb.com/title/tt0440963,2007,"动作,悬疑,冒险"
9.0,"麦斯·米科尔森,托玛斯·博·拉森,安妮卡·韦德科普",狩猎 Jagten,人言可畏。,"托马斯·温特伯格,托比亚斯·林道赫姆",托马斯·温特伯格,"http://www.thehuntfilm.co.uk,http://www.imdb.com/title/tt2106476",2012,剧情
8.5,"盖·皮尔斯,凯瑞-安·莫斯,乔·潘托里亚诺",记忆碎片 Memento,一个针管引发的血案。,"克里斯托弗·诺兰,乔纳森·诺兰",克里斯托弗·诺兰,http://www.imdb.com/title/tt0209144,2000,"剧情,悬疑,惊悚,犯罪"
8.5,"伊万·麦克格雷格,艾文·布莱纳,约翰尼·李·米勒",猜火车 Trainspotting,不可猜的青春迷笛。 ,"埃文·威尔什,约翰·霍奇",丹尼·博伊尔,http://www.imdb.com/title/tt0117951,1996,"剧情,犯罪"
8.5,"瑞恩·高斯林,瑞秋·麦克亚当斯,吉娜·罗兰兹",恋恋笔记本 The Notebook,爱情没有那么多借口，如果不能圆满，只能说明爱的不够。 ,"扬·萨尔迪,杰里米·莱文,尼古拉斯·斯帕克斯",尼克·卡索维茨,http://www.imdb.com/title/tt0332280,2004,"剧情,爱情"
8.5,"约翰尼·德普,杰弗里·拉什,奥兰多·布鲁姆",加勒比海盗 Pirates of the Caribbean: The Curse of the Black Pearl,约翰尼·德普的独角戏。,"泰德·艾略特,特里·鲁西奥,斯图尔特·贝亚蒂耶,Jay Wolpert",戈尔·维宾斯基,http://www.imdb.com/title/tt0325980,2003,"动作,奇幻,冒险"
8.6,"吴君如,任达华,钟绍图",岁月神偷 歲月神偷,岁月流逝，来日可追。,"罗启锐,张婉婷",罗启锐,http://www.imdb.com/title/tt1602572,2010,"剧情,家庭"
8.7,"志田未来,神木隆之介,三浦友和",借东西的小人阿莉埃蒂 借りぐらしのアリエッティ,曾经的那段美好会沉淀为一辈子的记忆。,"宫崎骏,玛丽·诺顿,丹羽圭子",米林宏昌,"http://karigurashi.jp/,http://www.imdb.com/title/tt1568921",2010,"动画,奇幻,冒险"
8.7,"约根·沃格尔,詹妮弗·乌尔里希,马克思·雷迈特",浪潮 Die Welle,世界离独裁只有五天。,"丹尼斯·甘塞尔,彼得·图万斯,Todd Strasser",丹尼斯·甘塞尔,http://www.imdb.com/title/tt1063669,2008,剧情
8.7,"比尔·奈伊,肯尼思·布拉纳,菲利普·塞默·霍夫曼",海盗电台 The Boat That Rocked,生命不止，摇滚不死。,理查德·柯蒂斯,理查德·柯蒂斯,http://www.imdb.com/title/tt1131729,2009,"剧情,喜剧,音乐"
8.7,"周润发,张国荣,钟楚红",纵横四海 緃横四海,香港浪漫主义警匪动作片的巅峰之作。,"吴宇森,高志森,秦小珍",吴宇森,http://www.imdb.com/title/tt0101020,1991,"剧情,喜剧,动作,犯罪"
8.7,"尊龙,陈冲,彼得·奥图尔",末代皇帝 The Last Emperor,“不要跟我比惨，我比你更惨”再适合这部电影不过了。,"贝纳尔多·贝托鲁奇,马克·派普罗",贝纳尔多·贝托鲁奇,http://www.imdb.com/title/tt0093389,1987,"剧情,传记,历史"
8.6,"桑德拉·布洛克,唐·钱德尔,马特·狄龙",撞车 Crash,天使与魔鬼的冲撞。,"保罗·哈吉斯,罗伯特·莫里斯克",保罗·哈吉斯,"http://www.crashfilm.com/,http://www.imdb.com/title/tt0375679",2004,"剧情,犯罪"
8.4,"雷·罗马诺,约翰·雷吉扎莫,丹尼斯·利瑞",冰川时代 Ice Age,松鼠才是角儿。,"迈克尔·伯格 ,Michael J. Wilson,彼得·阿克曼","卡洛斯·沙尔丹哈,克里斯·韦奇",http://www.imdb.com/title/tt0268380,2002,"喜剧,动画,冒险"
8.7,"周润发,狄龙,张国荣",英雄本色,英雄泪短，兄弟情长。 ,"陈庆嘉,吴宇森,梁淑华",吴宇森,http://www.imdb.com/title/tt0092263,1986,"动作,犯罪"
8.9,"吉恩·凯利,唐纳德·奥康纳,黛比·雷诺斯",雨中曲 Singin' in the Rain,骨灰级歌舞片。,"Adolph Green,贝蒂·康登","斯坦利·多南,吉恩·凯利",http://www.imdb.com/title/tt0045152,1952,"喜剧,爱情,歌舞"
8.4,"本·卫肖,艾伦·瑞克曼,蕾切儿·哈伍德",香水 Perfume: The Story of a Murderer,一个单凭体香达到高潮的男人。,"安德鲁·伯金,伯纳德·艾辛格,汤姆·提克威",汤姆·提克威,"http://www.parfum.film.de/,http://www.imdb.com/title/tt0396171",2006,"剧情,犯罪,奇幻"
8.7,"让-马克·巴尔,让·雷诺,罗姗娜·阿奎特",碧海蓝天 Le grand bleu,在那片深蓝中，感受来自大海的忧伤寂寞与美丽自由。,"吕克·贝松,Robert Garland,Marilyn Goldin,雅克·梅欧,Marc Perrier",吕克·贝松,http://www.imdb.com/title/tt0095250,1988,"剧情,爱情"
8.8,"汤姆·汉克斯,蒂姆·艾伦,琼·库萨克",玩具总动员3 Toy Story 3,跨度十五年的欢乐与泪水。,"迈克尔·阿恩特,约翰·拉塞特,安德鲁·斯坦顿,李·昂克里奇",李·昂克里奇,"http://disney.go.com/toystory/,http://www.imdb.com/title/tt0435761",2010,"喜剧,动画,奇幻,冒险"
8.7,"阿尔·帕西诺,黛安·基顿,塔莉娅·夏尔",教父3 The Godfather: Part III,任何信念的力量，都无法改变命运。,"马里奥·普佐,弗朗西斯·福特·科波拉",弗朗西斯·福特·科波拉,http://www.imdb.com/title/tt0099674,1990,"剧情,犯罪"
8.5,"马特·达蒙,弗兰卡·波坦特,布莱恩·考克斯",谍影重重2 The Bourne Supremacy,谁说王家卫镜头很晃？,"托尼·吉尔罗伊,罗伯特·鲁德鲁姆",保罗·格林格拉斯,"http://www.thebournesupremacy.com,http://www.imdb.com/title/tt0372183",2004,"动作,悬疑,冒险"
8.4,"拉尔夫·费因斯,克里斯汀·斯科特·托马斯,朱丽叶·比诺什",英国病人 The English Patient,"In memory, love lives forever...","迈克尔·翁达杰,安东尼·明格拉",安东尼·明格拉,http://www.imdb.com/title/tt0116209,1996,"剧情,爱情,战争"
8.6,"亨弗莱·鲍嘉,英格丽·褒曼,保罗·亨雷德",卡萨布兰卡 Casablanca,与同名歌曲无关。,"朱利叶斯·J·爱泼斯坦,菲利普·G·爱泼斯坦,霍华德·科克,凯西·罗宾逊",迈克尔·柯蒂斯,http://www.imdb.com/title/tt0034583,1942,"剧情,爱情,战争"
8.7,"詹姆斯·沃克,特里特·威廉斯,多米尼克·斯科特·凯伊",叫我第一名 Front of the Class,乐观比一切都有力量。,"Thomas Rickman,Brad Cohen,Lisa Wysocky",彼得·沃纳,http://www.imdb.com/title/tt1292594,2008,"剧情,传记"
8.7,"本·阿弗莱克,裴淳华,尼尔·帕特里克·哈里斯",消失的爱人 Gone Girl,,吉莉安·弗琳,大卫·芬奇,http://www.imdb.com/title/tt2267998,2014,"剧情,悬疑,惊悚,犯罪"
8.7,"柳承龙,朴信惠,郑镇荣",7号房的礼物 7번방의 선물,《我是山姆》的《美丽人生》。,"李焕庆,刘英雅",李焕庆,"http://www.7gift.kr,http://www.imdb.com/title/tt2659414",2013,"剧情,喜剧,家庭"
8.5,"肖恩·康纳利,尼古拉斯·凯奇,艾德·哈里斯",勇闯夺命岛 The Rock,类型片的极致。 ,"David Weisberg,Douglas Cook,Mark Rosner",迈克尔·贝,http://www.imdb.com/title/tt0117500,1996,"动作,冒险"
8.9,"达席尔·萨法瑞,阿米尔·汗,塔奈·切赫达",地球上的星星 Taare Zameen Par,天使保护事件始末。,阿莫尔·古普特,"阿米尔·汗,阿莫尔·古普特","http://www.taarezameenpar.com,http://www.imdb.com/title/tt0986264",2007,"剧情,家庭,儿童"
8.5,"马特·达蒙,弗兰卡·波坦特,克里斯·库珀",谍影重重 The Bourne Identity,哗啦啦啦啦，天在下雨，哗啦啦啦啦，云在哭泣……找自己。,"托尼·吉尔罗伊,W. Blake Herron,罗伯特·鲁德鲁姆",道格·里曼,"http://www.thebourneidentity.com,http://www.imdb.com/title/tt0258463",2002,"动作,悬疑,冒险"
8.7,"蕾拉·哈塔米,佩曼·莫阿迪,沙哈布·侯赛尼",一次别离 جدایی نادر از سیمین,只有有信仰的人才能说出事实真相。,阿斯哈·法哈蒂,阿斯哈·法哈蒂,http://www.imdb.com/title/tt1832382,2011,"剧情,家庭"
8.7,"汤姆·汉克斯,大卫·摩斯,迈克·克拉克·邓肯",绿里奇迹 The Green Mile,天使暂时离开。,"弗兰克·德拉邦特,斯蒂芬·金",弗兰克·德拉邦特,http://www.imdb.com/title/tt0120689,1999,"剧情,悬疑,犯罪,奇幻"
8.7,"三上博史,恰拉,伊藤步",燕尾蝶 スワロウテイル,现实与童话交相辉映的旅程。,岩井俊二,岩井俊二,http://www.imdb.com/title/tt0117797,1996,"剧情,犯罪"
8.6,"丹尼尔·雷德克里夫,艾玛·沃森,鲁伯特·格林特",哈利·波特与死亡圣器(下) Harry Potter and the Deathly Hallows: Part 2,10年的完美句点。,斯蒂芬·科洛弗,大卫·叶茨,"http://www.imdb.com/title/tt1201607,https://site.douban.com/108361/",2011,"剧情,悬疑,奇幻,冒险"
9.0,"山本圭,井川比佐志,片桐入",忠犬八公物语 ハチ公物語,养狗三日，便会对你终其一生。,新藤兼人,神山征二郎,http://www.imdb.com/title/tt0093132,1987,剧情
8.6,"达斯汀·霍夫曼,汤姆·克鲁斯,瓦莱莉·高利诺",雨人 Rain Man,生活在自己的世界里，也可以让周围的人显得可笑和渺小。,"罗纳德·巴斯,巴里·莫罗",巴瑞·莱文森,http://www.imdb.com/title/tt0095953,1988,剧情
8.5,"凯拉·奈特莉,马克·鲁弗洛,詹姆斯·柯登",再次出发之纽约遇见你 Begin Again,爱我就给我看你的播放列表。,约翰·卡尼,约翰·卡尼,"http://beginagainfilm.com,http://www.imdb.com/title/tt1980929",2013,"喜剧,爱情,音乐"
8.6,"米歇尔·塞罗,柯莱儿·布翁尼许,Nade Dieu",蝴蝶 Le Papillon,我们长途跋涉寻找的东西，有可能一直就在身边。 ,费利普·弥勒,费利普·弥勒,http://www.imdb.com/title/tt0329485,2002,"剧情,喜剧,儿童"
8.3,"马里奥·毛瑞尔,平采娜·乐维瑟派布恩,苏达拉·布查蓬",初恋这件小事 สิ่งเล็กเล็กที่เรียกว่า...รัก,黑小鸭速效美白记。,普特鹏·普罗萨卡·那·萨克那卡林,"普特鹏·普罗萨卡·那·萨克那卡林,华森·波克彭",http://www.imdb.com/title/tt1859438,2010,"喜剧,爱情"
8.3,"维特维斯特·海伦亚沃恩酷,马里奥·毛瑞尔,赖拉·邦雅淑",爱在暹罗 รักแห่งสยาม,把爱放在心底，有爱就有希望。,楚克‧萨克瑞科,楚克‧萨克瑞科,"http://www.theloveofsiam.com,http://www.imdb.com/title/tt1152282",2007,"剧情,爱情,同性,家庭"
8.3,"梅利莎·乔治,利亚姆·海姆斯沃斯,迈克尔·多曼",恐怖游轮 Triangle,不要企图在重复中寻找已经失去的爱。,克里斯托弗·史密斯,克里斯托弗·史密斯,http://www.imdb.com/title/tt1187064,2009,"剧情,悬疑,惊悚"
8.3,"桂纶镁,陈柏霖,梁又琳",蓝色大门 藍色大門,青春的窃窃私语。 ,易智言,易智言,"http://bluegatecrossing.kingnet.com.tw,http://www.imdb.com/title/tt0333764",2002,"剧情,爱情,同性"
8.5,"阿诺·施瓦辛格,琳达·汉密尔顿,爱德华·福隆",终结者2 Terminator 2: Judgment Day,少见的超越首部的续集，动作片中的经典。,"詹姆斯·卡梅隆,William Wisher Jr.",詹姆斯·卡梅隆,http://www.imdb.com/title/tt0103064,1991,"动作,科幻"
9.1,"金艺芬,俞承豪,童孝熙",爱·回家 집으로...,献给所有外婆的电影。,李廷香,李廷香,"http://www.thewayhome.co.kr,http://www.imdb.com/title/tt0312841",2002,"剧情,家庭,儿童"
8.4,"马尔科姆·麦克道威尔,帕特里克·马基,迈克尔·贝茨",发条橙 A Clockwork Orange,我完全康复了。,"斯坦利·库布里克,安东尼·伯吉斯",斯坦利·库布里克,http://www.imdb.com/title/tt0066921,1971,"剧情,科幻,犯罪"
8.6,"凯文·史派西,史蒂芬·鲍德温,加布里埃尔·伯恩",非常嫌疑犯 The Usual Suspects,我不信仰上帝，但我敬畏上帝。,Christopher McQuarrie,布莱恩·辛格,http://www.imdb.com/title/tt0114814,1995,"剧情,悬疑,惊悚,犯罪"
8.6,"Marius Weyers,Sandra Prinsloo,历苏",上帝也疯狂 The Gods Must Be Crazy,纯净原始的笑与感动。,加美·尤伊斯,加美·尤伊斯,http://www.imdb.com/title/tt0080801,1980,喜剧
8.8,"珍妮特·利,安东尼·博金斯,维拉·迈尔斯",惊魂记 Psycho,故事的反转与反转，分裂电影的始祖。,"约瑟夫·斯蒂凡诺,罗伯特·布洛克",阿尔弗雷德·希区柯克,http://www.imdb.com/title/tt0054215,1960,"悬疑,恐怖"
8.7,"凯文·史派西,凯特·温丝莱特,劳拉·琳妮",大卫·戈尔的一生 The Life of David Gale,捍卫人权只是信仰，一点不妨碍其行为的残忍。,Charles Randolph,艾伦·帕克,http://www.imdb.com/title/tt0289992,2003,"剧情,悬疑,犯罪"
9.2,"查理·卓别林,弗吉尼亚·切瑞尔,佛罗伦斯·李",城市之光 City Lights,永远的小人物，伟大的卓别林。,"查理·卓别林,Harry Clive,Harry Crocker",查理·卓别林,http://www.imdb.com/title/tt0021749,1931,"剧情,喜剧,爱情"
9.1,"笠智众,原节子,杉村春子",东京物语 東京物語,东京那么大，如果有一天走失了，恐怕一辈子不能再相见。,"野田高梧,小津安二郎",小津安二郎,http://www.imdb.com/title/tt0046438,1953,"剧情,家庭"
8.6,"马修·麦康纳,詹妮弗·加纳,杰瑞德·莱托",达拉斯买家俱乐部 Dallas Buyers Club,Jared Leto的腿比女人还美！,"克莱格·鲍登,梅丽莎·沃雷克",让-马克·瓦雷,http://www.imdb.com/title/tt0790636,2013,"剧情,同性,传记"
8.5,"杰米·福克斯,莱昂纳多·迪卡普里奥,克里斯托弗·沃尔兹",被解救的姜戈 Django Unchained,热血沸腾，那个低俗、性感的无耻混蛋又来了。,昆汀·塔伦蒂诺,昆汀·塔伦蒂诺,"http://unchainedmovie.com,http://www.imdb.com/title/tt1853728",2012,"剧情,动作,西部,冒险"
8.4,"布拉德·皮特,梅拉尼·罗兰,克里斯托弗·沃尔兹",无耻混蛋 Inglourious Basterds,昆汀同学越来越变态了，比北野武还杜琪峰。,昆汀·塔伦蒂诺,昆汀·塔伦蒂诺,http://www.imdb.com/title/tt0361748,2009,"剧情,犯罪"
8.5,"布拉德·皮特,本尼西奥·德尔·托罗,杰森·斯坦森",偷拐抢骗 Snatch,典型盖·里奇式的英国黑色幽默黑帮片。,盖·里奇,盖·里奇,http://www.imdb.com/title/tt0208092,2000,"喜剧,犯罪"
8.5,"杰克·尼科尔森,摩根·弗里曼,西恩·海耶斯",遗愿清单 The Bucket List,用剩余不多的时间，去燃烧整个生命。,Justin Zackham,罗伯·莱纳,http://www.imdb.com/title/tt0825232,2007,"剧情,喜剧,冒险"
8.3,"张曼玉,王祖贤,赵文卓",青蛇,人生如此，浮生如斯。谁人言，花彼岸，此生情长意短。谁都是不懂爱的罢了。,"李碧华,徐克",徐克,http://www.imdb.com/title/tt0106559,1993,"剧情,奇幻,古装"
8.4,"张曼玉,林青霞,梁家辉",新龙门客栈 新龍門客棧,嬉笑怒骂，调风动月。,"徐克,张炭,何冀平",李惠民,http://www.imdb.com/title/tt0105859,1992,"剧情,动作,武侠,古装"
9.1,"克林特·伊斯特伍德,埃里·瓦拉赫,李·范·克里夫","黄金三镖客 Il buono, il brutto, il cattivo.",最棒的西部片。,"艾根诺尔·因克鲁西,富里奥·斯卡派利,卢西亚诺·文森佐尼,赛尔乔·莱翁内",赛尔乔·莱翁内,http://www.imdb.com/title/tt0060196,1966,"西部,冒险"
8.4,"金·凯瑞,凯特·温丝莱特,克斯汀·邓斯特",暖暖内含光 Eternal Sunshine of the Spotless Mind,恋爱是一次神经的冒险。就算失去记忆，也会爱上你。,"查理·考夫曼,米歇尔·冈瑞,皮埃尔·比斯毛特",米歇尔·冈瑞,"http://www.eternalsunshine.com,http://www.imdb.com/title/tt0338013",2004,"剧情,爱情,奇幻"
8.5,"克里斯蒂安·贝尔,汤姆·哈迪,安妮·海瑟薇",蝙蝠侠：黑暗骑士崛起 The Dark Knight Rises,诺兰就是保证。,"大卫·S·高耶,乔纳森·诺兰,克里斯托弗·诺兰,鲍勃·凯恩",克里斯托弗·诺兰,"http://www.thedarkknightrises.com,http://www.imdb.com/title/tt1345836",2012,"剧情,动作,科幻,惊悚,犯罪"
8.7,"丹尼尔·布鲁赫,凯萨琳·萨斯,楚潘·哈玛托娃",再见列宁 Good Bye Lenin!,一个伟大的谎言成就了一个伟大的理想。 ,"贝恩德·里希坦伯格,沃尔夫冈·贝克 ",沃尔夫冈·贝克 ,"http://www.good-bye-lenin.de,http://www.imdb.com/title/tt0301357",2003,"剧情,家庭"
8.6,"斯科特·安第斯,瑞恩·波特,丹尼尔·海尼",超能陆战队 Big Hero 6,,"乔丹·罗伯茨,丹尼尔·吉尔森,罗伯特·L·贝尔德","唐·霍尔,克里斯·威廉姆斯","http://www.disneyanimation.com/projects/bighero6,http://www.imdb.com/title/tt2245084",2014,"喜剧,动作,科幻,动画,冒险"
8.4,"乔纳森·莱斯·梅耶斯,弗莱迪·海默,罗宾·威廉姆斯",八月迷情 August Rush,音乐引人入胜。,"尼克·卡斯特尔,詹姆士·V·哈特,Paul Castro",科斯汀·谢里丹,http://www.imdb.com/title/tt0426931,2007,"剧情,爱情,音乐"
8.7,"基娅拉·马斯特洛亚尼,凯瑟琳·德纳芙,达尼尔·达黎欧",我在伊朗长大 Persepolis,像自由一样美丽。 ,"玛嘉·莎塔琵,文森特·帕兰德","文森特·帕兰德,玛嘉·莎塔琵",http://www.imdb.com/title/tt0808417,2007,"剧情,动画,传记,战争"
8.2,"郭涛,刘桦,连晋",疯狂的石头,中国版《两杆大烟枪》。,"张承,宁浩,优恵",宁浩,http://www.imdb.com/title/tt0843270,2006,"喜剧,犯罪"
8.6,"张震,杨静怡,张国柱",牯岭街少年杀人事件 牯嶺街少年殺人事件,弱者送给弱者的一刀。,"杨德昌,赖铭堂,杨顺清,鸿鸿",杨德昌,http://www.imdb.com/title/tt0101985,1991,"剧情,犯罪"
9.0,"宋在浩,李顺载,尹秀晶",我爱你 그대를 사랑합니다,你要相信，这世上真的有爱存在，不管在什么年纪 ,"姜草,秋昌民",秋昌民,"http://www.iloveyou2011.co.kr/,http://www.imdb.com/title/tt1862020",2011,"剧情,爱情"
8.7,"伊桑·霍克,乌玛·瑟曼,裘德·洛",千钧一发 Gattaca,一部能引人思考的科幻励志片。,安德鲁·尼科尔,安德鲁·尼科尔,http://www.imdb.com/title/tt0119177,1997,"剧情,科幻"
8.7,"杰米·贝尔,朱丽·沃特斯,Gary Lewis",跳出我天地 Billy Elliot,家人的爱，是自己所能拥有的最大的财富。,Lee Hall,史蒂芬·戴德利,http://www.imdb.com/title/tt0249462,2000,"剧情,歌舞,家庭,儿童"
8.5,"克林特·伊斯特伍德,梅丽尔·斯特里普,Annie Corley",廊桥遗梦 The Bridges of Madison County,这样确切的爱，一生只有一次。,"理查德·拉·格拉文斯,Robert James Waller",克林特·伊斯特伍德,http://www.imdb.com/title/tt0112579,1995,"剧情,爱情"
8.4,"范·迪塞尔,保罗·沃克,道恩·强森",速度与激情5 Fast Five,爆米花动作电影新标杆。,"克里斯·摩根,盖瑞·斯科特·汤普森",林诣彬,"http://www.fastfivemovie.com,http://www.imdb.com/title/tt1596343",2011,"剧情,动作,惊悚,犯罪"
8.2,"孙艺珍,曹承佑,赵寅成",假如爱有天意 클래식,琼瑶阿姨在韩国的深刻版。,郭在容,郭在容,http://www.imdb.com/title/tt0348568,2003,"剧情,爱情"
8.6,"约翰尼·德普,莱昂纳多·迪卡普里奥,朱丽叶特·刘易斯",不一样的天空 What's Eating Gilbert Grape,生命有裂缝，阳光才照得进来。,皮特·海格斯,莱塞·霍尔斯道姆,http://www.imdb.com/title/tt0108550,1993,"剧情,爱情,家庭"
8.6,"宫哲,金雅琴,罗忠学",我们俩,想外婆了，有没有？！,马俪文,马俪文,http://www.imdb.com/title/tt0757376,2005,剧情
8.5,"山姆·洛克威尔,凯文·史派西,多米妮克·麦克艾丽戈特",月球 Moon,2009媲美《第九区》的又一部科幻神作。,"邓肯·琼斯,内森·帕克",邓肯·琼斯,http://www.imdb.com/title/tt1182345,2009,"剧情,科幻,悬疑"
8.4,"罗素·克劳,杰昆·菲尼克斯,康妮·尼尔森",角斗士 Gladiator,罗马斗兽场的鸦雀无声，久久停留在这样的肃穆中。,"大卫·弗兰佐尼,约翰·洛根,William Nicholson",雷德利·斯科特,http://www.imdb.com/title/tt0172495,2000,"剧情,动作,历史,冒险"
8.7,"岩男润子,松本梨香,辻亲八",未麻的部屋 Perfect Blue,好的剧本是，就算你猜到了结局也猜不到全部。,村井贞之,今敏,http://www.imdb.com/title/tt0156887,1997,"动画,惊悚,奇幻"
8.4,"小林薰,椎名桔平,香川照之",导盲犬小Q クイール,宠物的意义在于化解人的孤独。,"丸山升一,中村义洋",崔洋一,http://www.imdb.com/title/tt0400761,2004,剧情
8.8,,寿司之神 Jiro Dreams of Sushi,仪式主义的狂欢，偏执狂的完胜。,"小野二郎 ,小野祯一,小野隆,山本益弘",大卫·贾柏,http://www.imdb.com/title/tt1772925,2011,纪录片
8.6,"霍卫民,王笑天,罗芸",心迷宫,,"忻钰坤,冯元良",忻钰坤,http://www.imdb.com/title/tt4078856,2014,"剧情,悬疑,犯罪"
8.5,"莱昂纳多·迪卡普里奥,詹妮弗·康纳利,杰曼·翰苏",血钻 Blood Diamond,每个美丽事物背后都是滴血的现实。,查尔斯·里维特,爱德华·兹威克,http://www.imdb.com/title/tt0450259,2006,"剧情,惊悚,冒险"
8.9,"桥本爱,三浦贵大,松冈茉优",小森林 夏秋篇 リトル・フォレスト 夏・秋,,"五十岚大介,森淳一",森淳一,"http://littleforest-movie.jp/sa/,http://www.imdb.com/title/tt3474600",2014,剧情
8.4,"汤姆·汉克斯,海伦·亨特,克里斯·诺斯",荒岛余生 Cast Away,一个人的独角戏。,威廉·保尔斯·杰宁,罗伯特·泽米吉斯,http://www.imdb.com/title/tt0162222,2000,"剧情,冒险"
8.7,"简·林奇,约翰·C·赖利,萨拉·西尔弗曼",无敌破坏王 Wreck-It Ralph,迪士尼和皮克斯拿错剧本的产物。,"珍妮弗·李,菲尔·约翰斯顿,瑞奇·摩尔,吉姆·里尔顿,约翰·C·赖利,Sam J. Levine,Jared Stern",瑞奇·摩尔,"http://disney.go.com/wreck-it-ralph,http://www.imdb.com/title/tt1772341",2012,"喜剧,动画,冒险"
8.4,"基努·里维斯,劳伦斯·菲什伯恩,凯瑞-安·莫斯",黑客帝国3：矩阵革命 The Matrix Revolutions,不得不说，《黑客帝国》系列是商业片与科幻、哲学完美结合的典范。,"莉莉·沃卓斯基,拉娜·沃卓斯基","莉莉·沃卓斯基,拉娜·沃卓斯基",http://www.imdb.com/title/tt0242653,2003,"动作,科幻"
8.3,"科林·费尔斯,杰弗里·拉什,海伦娜·伯翰·卡特",国王的演讲 The King's Speech,皇上无话儿。,大卫·塞德勒,汤姆·霍珀,http://www.imdb.com/title/tt1504320,2010,"剧情,传记,历史"
8.7,"费尔兰德·蒙特纳哥,马里利娅·佩拉,文尼西斯·狄·奥利维拉",中央车站 Central do Brasil,心灵救赎。,"马科斯·伯恩斯坦,若昂·伊曼纽尔·卡耐偌",沃尔特·塞勒斯,"http://www.centraldobrasil.com.br/front.htm,http://www.imdb.com/title/tt0140888",1998,剧情
8.4,"凯文·史派西,安妮特·贝宁,索拉·伯奇",美国丽人 American Beauty,每个人的内心都是深不可测的大海。 ,艾伦·鲍尔,萨姆·门德斯,"http://www.dreamworks.com/ab/,http://www.imdb.com/title/tt0169547",1999,"剧情,家庭"
8.6,"吉娜·戴维斯,苏珊·萨兰登,哈威·凯特尔",末路狂花 Thelma & Louise,没有了退路，只好飞向自由。,卡莉·克里,雷德利·斯科特,http://www.imdb.com/title/tt0103074,1991,"剧情,惊悚,犯罪"
8.3,"杰克·吉伦哈尔,维拉·法米加,米歇尔·莫纳汉",源代码 Source Code,邓肯·琼斯继《月球》之后再度奉献出一部精彩绝伦的科幻佳作。,本·雷普利,邓肯·琼斯,http://www.imdb.com/title/tt0945513,2011,"剧情,动作,科幻,惊悚,犯罪"
8.9,"汤姆·哈迪,乔尔·埃哲顿,尼克·诺特",勇士 Warrior,热血沸腾，相当完美的娱乐拳击大餐。,"加文·欧康诺,Anthony Tambakis",加文·欧康诺,"http://www.warriorfilm.com/,http://www.imdb.com/title/tt1291584",2011,"剧情,家庭,运动"
8.5,"李晋纬,林海峰,吴君如",麦兜故事 麥兜故事,麦兜是一只很哲学的猪。 ,"谢立文,麦家碧",袁建滔,http://www.imdb.com/title/tt0312941,2001,"剧情,喜剧,动画"
8.9,"凯文·科斯特纳,玛丽·麦克唐纳,格雷厄姆·格林",与狼共舞 Dances with Wolves,充满诗意与情怀的史诗作品。 ,迈克尔·布雷克,凯文·科斯特纳,http://www.imdb.com/title/tt0099348,1990,"剧情,西部,冒险"
8.8,"梁正晖,邱岳峰,毕克",哪吒闹海,想你时你在闹海。,王往,"严定宪,王树忱,徐景达",http://www.imdb.com/title/tt0354770,1979,"动画,奇幻,冒险"
8.3,"布拉德·皮特,汤姆·克鲁斯,克斯汀·邓斯特",夜访吸血鬼 Interview with the Vampire: The Vampire Chronicles,弥漫淡淡血腥气的优雅。,安妮·莱斯,尼尔·乔丹,http://www.imdb.com/title/tt0110148,1994,"剧情,惊悚,奇幻"
8.6,"马克西姆·戈达尔,瓦莱丽·勒梅西埃,凯德·麦拉德",巴黎淘气帮 Le petit Nicolas,四百击的反面。,"哥瑞劳瑞·温格纳瑞恩,劳伦·泰拉德",劳伦·泰拉德,http://www.imdb.com/title/tt1264904,2009,"喜剧,家庭,儿童"
8.4,"高山南,佐久间玲,山口胜平",魔女宅急便 魔女の宅急便,宫崎骏的电影总让人感觉世界是美好的，阳光明媚的。,"宫崎骏,角野荣子",宫崎骏,http://www.imdb.com/title/tt0097814,1989,"动画,奇幻,冒险"
8.4,"格伦·汉塞德,玛可塔·伊尔格洛娃,Alaistair Foley",曾经 Once,有些幸福无关爱情。,约翰·卡尼,约翰·卡尼,"http://www.foxsearchlight.com/once,http://www.imdb.com/title/tt0907657",2006,"剧情,爱情,音乐"
8.3,"周星驰,巩俐,陈百祥",唐伯虎点秋香,华太师是黄霑，吴镇宇四大才子之一。,"李力持,谷德昭,陈文强",李力持,http://www.imdb.com/title/tt0108289,1993,"喜剧,爱情,古装"
8.6,"多姆纳尔·格里森,瑞秋·麦克亚当斯,比尔·奈伊",时空恋旅人 About Time,把每天当作最后一天般珍惜度过，积极拥抱生活，就是幸福。,理查德·柯蒂斯,理查德·柯蒂斯,"http://www.abouttimemovie.com,http://www.imdb.com/title/tt2194499",2013,"剧情,爱情,奇幻"
8.3,"周星驰,张柏芝,莫文蔚",喜剧之王 喜劇之王,我是一个演员。,"曾瑾昌,周星驰,李敏,郑文辉,冯勉恒,梁嘉杰","周星驰,李力持",http://www.imdb.com/title/tt0188766,1999,"剧情,喜剧,爱情"
8.5,"张国荣,张曼玉,刘嘉玲",阿飞正传 阿飛正傳,王家卫是一种风格，张国荣是一个代表。,王家卫,王家卫,http://www.imdb.com/title/tt0101258,1990,"剧情,爱情,犯罪"
8.4,"梁朝伟,张曼玉,潘迪华",花样年华 花樣年華,偷情本没有这样美。,王家卫,王家卫,http://www.imdb.com/title/tt0118694,2000,"剧情,爱情"
8.5,"大卫·李·史密斯,托尼·托德,约翰·比灵斯列",这个男人来自地球 The Man from Earth,科幻真正的魅力不是视觉效果能取代的。 ,杰罗姆·比克斯比,理查德·沙因克曼,http://www.imdb.com/title/tt0756683,2007,"剧情,科幻"
8.5,"亨利·托马斯,迪·沃伦斯,罗伯特·麦克纳夫顿",E.T. 外星人 E.T.: The Extra-Terrestrial,生病的E.T.皮肤的颜色就像柿子饼。,梅丽莎·马西森,史蒂文·斯皮尔伯格,http://www.imdb.com/title/tt0083866,1982,"剧情,科幻,奇幻,冒险"
8.2,"吉约姆·卡内,玛丽昂·歌迪亚,蒂博•费尔哈格",两小无猜 Jeux d'enfants,"Love me, if you dare. ",杨·塞谬尔,杨·塞谬尔,http://www.imdb.com/title/tt0364517,2003,"剧情,喜剧,爱情"
8.4,"约翰·特拉沃尔塔,尼古拉斯·凯奇,琼·艾伦",变脸 Face/Off,当发哥的风衣、墨镜出现在了凯奇身上⋯⋯,"迈克尔·科拉里,麦克·韦柏",吴宇森,http://www.imdb.com/title/tt0119094,1997,"动作,犯罪"
8.4,"娜奥米·沃茨,劳拉·哈灵,安·米勒",穆赫兰道 Mulholland Dr.,大卫·林奇的梦境迷宫。,大卫·林奇,大卫·林奇,http://www.imdb.com/title/tt0166924,2001,"剧情,悬疑,惊悚"
8.7,"河正宇,李璟荣,全慧珍",恐怖直播 더 테러 라이브,恐怖分子的“秋菊打官司”。,金秉祐,金秉祐,http://www.imdb.com/title/tt2990738,2013,"剧情,悬疑,犯罪"
8.7,"三船敏郎,千秋实,京町子",罗生门 羅生門,人生的N种可能性。,"黑泽明,桥本忍,芥川龙之介",黑泽明,http://www.imdb.com/title/tt0042876,1950,"剧情,悬疑,犯罪"
8.7,"艾伦·伯斯汀,杰瑞德·莱托,詹妮弗·康纳利",梦之安魂曲 Requiem for a Dream,一场没有春天的噩梦。,"达伦·阿伦诺夫斯基,小胡伯特·塞尔比",达伦·阿伦诺夫斯基,http://www.imdb.com/title/tt0180093,2000,剧情
8.7,"埃米尔·赫斯基,马西娅·盖伊·哈登,威廉·赫特",荒野生存 Into the Wild,出门必备：本草纲目。,西恩·潘,西恩·潘,http://www.imdb.com/title/tt0758758,2007,"剧情,传记,冒险"
9.1,"Philippe Labro,雅克·贝汉",迁徙的鸟 Le peuple migrateur,最美的飞翔。,"Francis Roux,雅克·贝汉,Stéphane Durand,Jean Dorst,Guy Jarry","雅克·贝汉, 雅克·克鲁奥德,米歇尔·德巴",http://www.imdb.com/title/tt0301727,2001,纪录片
8.5,"尼古拉斯·凯奇,伊桑·霍克,杰瑞德·莱托",战争之王 Lord of War,做一颗让别人需要你的棋子。,安德鲁·尼科尔,安德鲁·尼科尔,http://www.imdb.com/title/tt0399295,2005,"剧情,犯罪"
8.4,"凯特·温丝莱特,拉尔夫·费因斯,大卫·克劳斯",朗读者 The Reader,当爱情跨越年龄的界限，它似乎能变得更久远一点，成为一种责任，一种水到渠成的相濡以沫。 ,"戴维·黑尔,本哈德·施林克",史蒂芬·戴德利,http://www.imdb.com/title/tt0976051,2008,"剧情,爱情"
9.0,"杰里米·西奥伯德,亚历克斯·霍,露西·拉塞尔",追随 Following,诺兰的牛逼来源于内心散发出的恐惧。,克里斯托弗·诺兰,克里斯托弗·诺兰,http://www.imdb.com/title/tt0154506,1998,"悬疑,惊悚,犯罪"
8.7,"赵文瑄,归亚蕾,金素梅",喜宴,中国家庭的喜怒哀乐忍。,"李安,詹姆斯·夏慕斯,冯光远",李安,http://www.imdb.com/title/tt0107156,1993,"剧情,喜剧,爱情,同性,家庭"
8.8,"林原惠美,古谷彻,江守彻",红辣椒 パプリカ,梦的勾结。,"水上清资,今敏,筒井康隆",今敏,http://www.imdb.com/title/tt0851578,2006,"科幻,动画,悬疑,惊悚"
8.6,"多布杰,张磊,亓亮",可可西里,坚硬的信仰。,陆川,陆川,http://www.imdb.com/title/tt0386651,2004,剧情
8.8,"佐仓绫音,内山昂辉",萤火之森 蛍火の杜へ,触不到的恋人。,绿川幸,大森贵弘,"http://www.hotarubi.info,http://www.imdb.com/title/tt2061702",2011,"剧情,爱情,动画,奇幻"
9.0,"凯文·科斯特纳,劳拉·邓恩,克林特·伊斯特伍德",完美的世界 A Perfect World,坏人的好总是比好人的好来得更感人。,约翰·李·汉考克,克林特·伊斯特伍德,http://www.imdb.com/title/tt0107808,1993,"剧情,犯罪"
8.6,"海利·乔·奥斯蒙,弗兰西丝·奥康纳,山姆·洛巴兹",人工智能 Artificial Intelligence: AI,对爱的执着，可以超越一切。,"Ian Watson,史蒂文·斯皮尔伯格",史蒂文·斯皮尔伯格,"http://aimovie.warnerbros.com/,http://www.imdb.com/title/tt0212720",2001,"剧情,科幻,冒险"
8.9,"西恩·潘,达科塔·范宁,米歇尔·菲佛",我是山姆 I Am Sam,爱并不需要智商 。,"杰茜·尼尔森,克里斯汀·约翰逊",杰茜·尼尔森,http://www.imdb.com/title/tt0277027,2001,"剧情,家庭"
8.4,"凯拉·奈特莉,马修·麦克费登,唐纳德·萨瑟兰",傲慢与偏见 Pride & Prejudice,爱是摈弃傲慢与偏见之后的曙光。,"黛博拉·莫盖茨,简·奥斯汀",乔·赖特,http://www.imdb.com/title/tt0414387,2005,"剧情,爱情"
8.5,"水桥研二,近藤好美 ,尾上绫华",秒速5厘米 秒速5センチメートル,青春就是放弃和怀念。,新海诚,新海诚,"http://www.cwfilms.jp/5cm/,http://www.imdb.com/title/tt0983213",2007,"剧情,爱情,动画"
8.5,"娜塔莉·波特曼,米拉·库尼斯,薇诺娜·瑞德",黑天鹅 Black Swan,黑暗之美。,"安德雷斯·海因斯,马克·海曼,约翰·J·麦克劳克林",达伦·阿伦诺夫斯基,http://www.imdb.com/title/tt0947798,2010,"剧情,惊悚"
8.8,"唐·钱德尔,苏菲·奥康内多,杰昆·菲尼克斯",卢旺达饭店 Hotel Rwanda,当这个世界闭上双眼，他却敞开了怀抱。,"凯尔·皮尔森,特瑞·乔治",特瑞·乔治,"http://www.mgm.com/ua/hotelrwanda/main.html,http://www.imdb.com/title/tt0395169",2004,"剧情,历史,战争"
8.5,"丹尼尔·雷德克里夫,艾玛·沃森,鲁伯特·格林特",哈利·波特与魔法石 Harry Potter and the Sorcerer's Stone,童话世界的开端。,"斯蒂芬·科洛弗,J·K·罗琳",克里斯·哥伦布,"http://www.harrypotter.co.uk,http://www.imdb.com/title/tt0241527",2001,"奇幻,冒险"
8.8,"阿萨·巴特菲尔德,维拉·法米加,大卫·休里斯",穿条纹睡衣的男孩 The Boy in the Striped Pajamas,尽管有些不切实际的幻想，这部电影依旧是一部感人肺腑的佳作。,"马克·赫尔曼,约翰·伯恩",马克·赫尔曼,http://www.imdb.com/title/tt0914798,2008,"剧情,战争"
8.5,"张国荣,王祖贤,午马",倩女幽魂,两张绝世的脸。 ,阮继志,程小东,http://www.imdb.com/title/tt0093978,1987,"剧情,爱情,武侠,古装"
8.6,"约翰·古德曼,比利·克里斯托,玛丽·吉布斯","怪兽电力公司 Monsters, Inc.",不要给它起名字，起了名字就有感情了。,"安德鲁·斯坦顿,丹尼尔·吉尔森,罗伯特·L·贝尔德,Rhett Reese,乔纳森·罗伯特 ,彼特·道格特,Jill Culton,Jeff Pidgeon,拉夫·埃格尔斯顿","彼特·道格特,大卫·斯沃曼,李·昂克里奇","http://www.monstersinc.com,http://www.imdb.com/title/tt0198781",2001,"喜剧,动画,儿童,奇幻"
8.5,"戴夫·帕特尔,芙蕾达·平托,亚尼·卡普",贫民窟的百万富翁 Slumdog Millionaire,上帝之城+猜火车+阿甘正传+开心辞典=山寨富翁,"西蒙·博福伊,维卡斯·史瓦卢普","丹尼·博伊尔,洛芙琳·坦丹","http://www.foxsearchlight.com/slumdogmillionaire/,http://www.imdb.com/title/tt1010048",2008,"剧情,爱情"
9.1,"查理·卓别林,宝莲·高黛,亨利·伯格曼",摩登时代 Modern Times,大时代中的人生，小人物的悲喜。,查理·卓别林,查理·卓别林,http://www.imdb.com/title/tt0027977,1936,"剧情,喜剧,爱情"
8.7,"北野武,关口雄介,岸本加世子",菊次郎的夏天 菊次郎の夏,从没见过那么流氓的温柔，从没见过那么温柔的流氓。,北野武,北野武,http://www.imdb.com/title/tt0199683,1999,"剧情,喜剧"
9.1,"三船敏郎,志村乔,稻叶义男",七武士 七人の侍,时代悲歌。,"黑泽明,小国英雄,桥本忍",黑泽明,http://www.imdb.com/title/tt0047478,1954,"剧情,动作,冒险"
8.6,"莱昂纳多·迪卡普里奥,汤姆·汉克斯,克里斯托弗·沃肯",猫鼠游戏 Catch Me If You Can,骗子大师和执著警探的你追我跑故事。 ,杰夫·内桑森,史蒂文·斯皮尔伯格,http://www.imdb.com/title/tt0264464,2002,"剧情,传记,犯罪"
8.5,"希斯·莱杰,杰克·吉伦哈尔,米歇尔·威廉姆斯",断背山 Brokeback Mountain,每个人心中都有一座断背山。,"拉里·麦克穆特瑞,Diana Ossana,安妮·普鲁",李安,"http://www.brokebackmountain.com,http://www.imdb.com/title/tt0388795",2005,"剧情,爱情,同性,家庭"
8.5,"史蒂夫·卡瑞尔,杰森·席格尔,拉塞尔·布兰德",神偷奶爸 Despicable Me,Mr. I Don't Care其实也有Care的时候。,"肯·达里奥,塞尔吉奥·帕布洛,辛科·保罗","皮艾尔·柯芬,克里斯·雷纳德","http://www.despicableme.com,http://www.imdb.com/title/tt1323594",2010,"喜剧,动画,儿童"
8.5,"休·格兰特,科林·费尔斯,艾玛·汤普森",真爱至上 Love Actually,爱，是个动词。,理查德·柯蒂斯,理查德·柯蒂斯,"http://www.loveactually.com/,http://www.imdb.com/title/tt0314331",2003,"剧情,喜剧,爱情"
8.7,"艾德里安·布洛迪,克里斯蒂娜·亨德里克斯,詹姆斯·凯恩",超脱 Detachment,穷尽一生，我们要学会的，不过是彼此拥抱。,卡尔·隆德,托尼·凯耶,"http://detachment-film.com,http://www.imdb.com/title/tt1683526",2011,剧情
8.6,"汤姆·汉克斯,凯瑟琳·泽塔-琼斯,斯坦利·图齐",幸福终点站 The Terminal,有时候幸福需要等一等。 ,"Sacha Gervasi,Jeff Nathanson,安德鲁·尼科尔",史蒂文·斯皮尔伯格,http://www.imdb.com/title/tt0362227,2004,"剧情,喜剧,爱情"
9.1,"薛景求,严志媛,李来",素媛 소원,受过伤害的人总是笑得最开心，因为他们不愿意让身边的人承受一样的痛苦。,"金智慧,赵重勋",李濬益,"http://www.wish-movie.kr,http://www.imdb.com/title/tt3153634",2013,"剧情,家庭"
8.9,"路易·德·菲耐斯,布尔维尔,Claudio Brook",虎口脱险 La grande vadrouille,永远看不腻的喜剧。,"Marcel Jullian,杰拉尔·乌里,达妮埃尔·汤普森",杰拉尔·乌里,http://www.imdb.com/title/tt0060474,1966,"喜剧,战争"
8.6,"莱昂纳多·迪卡普里奥,马克·鲁弗洛,本·金斯利",禁闭岛 Shutter Island,昔日翩翩少年，今日大腹便便。,"莱塔·卡罗格里迪斯,丹尼斯·勒翰",马丁·斯科塞斯,http://www.imdb.com/title/tt1130884,2010,"剧情,悬疑,惊悚"
8.6,"约翰·库萨克,雷·利奥塔,阿曼达·皮特",致命ID Identity,最不可能的那个人永远是最可能的。,Michael Cooney,詹姆斯·曼高德,http://www.imdb.com/title/tt0309698,2003,"剧情,悬疑,惊悚"
9.2,"邱岳峰,富润生,毕克",大闹天宫,经典之作，历久弥新。,"李克弱,万籁鸣","万籁鸣,唐澄",http://www.imdb.com/title/tt0059855,1961,"动画,奇幻"
8.7,"黎明,张曼玉,杨恭如",甜蜜蜜,逢只要一瞬间，等待却像是一辈子。,岸西,陈可辛,http://www.imdb.com/title/tt0117905,1996,"剧情,爱情"
8.7,"梁朝伟,张国荣,张震",春光乍泄 春光乍洩,爱情纠缠，男女一致。,王家卫,王家卫,http://www.imdb.com/title/tt0118845,1997,"剧情,爱情,同性"
8.8,"辰己努,白石绫乃,志乃原良子",萤火虫之墓 火垂るの墓,幸福是生生不息，却难以触及的远。 ,"高畑勋,野坂昭如",高畑勋,http://www.imdb.com/title/tt0095327,1988,"剧情,动画,战争"
8.6,"林青霞,金城武,梁朝伟",重庆森林 重慶森林,寂寞没有期限。,王家卫,王家卫,http://www.imdb.com/title/tt0109424,1994,"剧情,爱情"
8.9,"亚历桑德雷·罗德里格斯,Leandro Firmino,菲利佩·哈根森",上帝之城 Cidade de Deus,被上帝抛弃了的上帝之城。,"布罗里欧·曼托伐尼,Paulo Lins","卡迪亚·兰德,费尔南多·梅里尔斯",http://www.imdb.com/title/tt0317248,2002,"剧情,犯罪"
8.7,"夏雨,宁静,陶虹",阳光灿烂的日子,一场华丽的意淫。,"姜文,王朔",姜文,http://www.imdb.com/title/tt0111786,1994,剧情
8.8,"沈恩京,闵孝琳,姜素拉",阳光姐妹淘 써니,再多各自牛逼的时光，也比不上一起傻逼的岁月。 ,姜炯哲,姜炯哲,http://www.imdb.com/title/tt1937339,2011,"剧情,喜剧"
9.1,"宋康昊,吴达洙,金英爱",辩护人 변호인,电影的现实意义大过电影本身。,"杨宇硕,Hyeon-ho Yoon",杨宇硕,"http://www.lawyersong.kr,http://www.imdb.com/title/tt3404140",2013,剧情
8.7,"马特·达蒙,罗宾·威廉姆斯,本·阿弗莱克",心灵捕手 Good Will Hunting,人生中应该拥有这样的一段豁然开朗。,"本·阿弗莱克,马特·达蒙",格斯·范·桑特,http://www.imdb.com/title/tt0119217,1997,剧情
8.6,"莫妮卡·贝鲁奇,圭塞佩·苏尔法罗,Luciano Federico",西西里的美丽传说 Malèna,美丽无罪。,"朱塞佩·托纳多雷,卢西亚诺·文森佐尼",朱塞佩·托纳多雷,http://www.imdb.com/title/tt0213847,2000,"剧情,情色,战争"
9.1,"Amir Farrokh Hashemian,默罕默德·阿米尔·纳吉,Bahare Seddiqi",小鞋子 بچههای آسمان,奔跑的孩子是天使。,马基德·马基迪,马基德·马基迪,"http://www.cinemajidi.com/children/,http://www.imdb.com/title/tt0118849",1997,"剧情,家庭,儿童"
8.9,"中谷美纪,瑛太,香川照之",被嫌弃的松子的一生 嫌われ松子の一生,以戏谑来戏谑戏谑。,"中岛哲也,山田宗树",中岛哲也,http://www.imdb.com/title/tt0768120,2006,"剧情,歌舞"
8.8,"乔纳森·泰勒·托马斯,马修·布罗德里克,杰瑞米·艾恩斯",狮子王 The Lion King,动物版《哈姆雷特》。,"艾琳·梅琪,乔纳森·罗伯特 ,琳达·伍尔芙顿","罗杰·阿勒斯,罗伯·明可夫",http://www.imdb.com/title/tt0110357,1994,"剧情,动画,歌舞,家庭,冒险"
8.9,"朱莉·安德鲁斯,克里斯托弗·普卢默,埃琳诺·帕克",音乐之声 The Sound of Music,用音乐化解仇恨，让歌声串起美好。,恩斯特·莱赫曼,罗伯特·怀斯,http://www.imdb.com/title/tt0059742,1965,"剧情,爱情,歌舞,家庭,传记"
9.0,"艾德里安·布洛迪,托马斯·克莱舒曼,艾米莉娅·福克斯",钢琴家 The Pianist,音乐能化解仇恨。,罗纳德·哈伍德,罗曼·波兰斯基,http://www.imdb.com/title/tt0253474,2002,"剧情,传记,历史,战争"
8.8,"克里斯蒂安·贝尔,休·杰克曼,迈克尔·凯恩",致命魔术 The Prestige,孪生蝙蝠侠大战克隆金刚狼。,"乔纳森·诺兰,克里斯托弗·诺兰,克里斯托弗·普瑞丝特",克里斯托弗·诺兰,http://www.imdb.com/title/tt0482571,2006,"剧情,悬疑,惊悚"
9.1,"罗伯特·德尼罗,詹姆斯·伍兹,詹妮弗·康纳利",美国往事 Once Upon a Time in America,往事如烟，无处祭奠。,"皮耶罗·德·伯纳迪,Leonardo Benvenuti,Franco Arcalli,Enrico Medioli,弗兰科·费里尼,赛尔乔·莱翁内",赛尔乔·莱翁内,"http://www.onceuponatimeinamerica.net,http://www.imdb.com/title/tt0087843",1984,"剧情,犯罪"
8.9,"罗宾·威廉姆斯,罗伯特·肖恩·莱纳德,伊桑·霍克",死亡诗社 Dead Poets Society,当一个死水般的体制内出现一个活跃的变数时，所有的腐臭都站在了光明的对面。,汤姆·舒尔曼,彼得·威尔,http://www.imdb.com/title/tt0097165,1989,剧情
9.3,"John Chisholm,Mandy-Rae Cruikshank,Charles Hambleton",海豚湾 The Cove,海豚的微笑，是世界上最高明的伪装。,Mark Monroe,路易·西霍尤斯,"http://www.thecovemovie.com,http://www.imdb.com/title/tt1313104",2009,纪录片
8.9,"克里斯托弗·普卢默,约翰·拉岑贝格,爱德华·阿斯纳",飞屋环游记 Up,最后那些最无聊的事情，才是最值得怀念的。 ,"鲍勃·彼德森,彼特·道格特,托马斯·麦卡锡",彼特·道格特,http://www.imdb.com/title/tt1049413,2009,"剧情,喜剧,动画,奇幻,冒险"
8.9,"玛德琳·卡罗尔,卡兰·麦克奥利菲,瑞贝卡·德·莫妮",怦然心动 Flipped,真正的幸福是来自内心深处。,"罗伯·莱纳,安德鲁·沙因曼,文德琳·范·德拉安南",罗伯·莱纳,http://www.imdb.com/title/tt0817177,2010,"剧情,喜剧,爱情"
9.0,"杰森·弗莱明,德克斯特·弗莱彻,尼克·莫兰","两杆大烟枪 Lock, Stock and Two Smoking Barrels",4个臭皮匠顶个诸葛亮，盖·里奇果然不是盖的。,盖·里奇,盖·里奇,http://www.imdb.com/title/tt0120735,1998,"剧情,喜剧,犯罪"
9.0,"田中真弓,鹫尾真知子,初井言荣",天空之城 天空の城ラピュタ,对天空的追逐，永不停止。 ,宫崎骏,宫崎骏,http://www.imdb.com/title/tt0092067,1986,"动画,奇幻,冒险"
9.3,"亨利·方达,马丁·鲍尔萨姆,约翰·菲尔德",十二怒汉 12 Angry Men,1957年的理想主义。 ,雷金纳德·罗斯,西德尼·吕美特,http://www.imdb.com/title/tt0050083,1957,剧情
9.1,"姜文,香川照之,袁丁",鬼子来了,对敌人的仁慈，就是对自己残忍。,"姜文,史建全,述平,尤凤伟",姜文,http://www.imdb.com/title/tt0245929,2000,"剧情,战争"
9.1,"乌尔里希·穆埃,马蒂娜·戈黛特,塞巴斯蒂安·科赫",窃听风暴 Das Leben der Anderen,别样人生。,弗洛里安·亨克尔·冯·多纳斯马,弗洛里安·亨克尔·冯·多纳斯马,http://www.imdb.com/title/tt0405094,2006,"剧情,悬疑"
9.0,"杰克·尼科尔森,丹尼·德维托,克里斯托弗·洛伊德",飞越疯人院 One Flew Over the Cuckoo's Nest,自由万岁。,"劳伦斯·奥邦,博·古德曼",米洛斯·福尔曼,http://www.imdb.com/title/tt0073486,1975,剧情
8.8,"娜塔莉·波特曼,雨果·维文,鲁珀特·格雷夫斯",V字仇杀队 V for Vendetta,一张面具背后的理想与革命。,"莉莉·沃卓斯基,拉娜·沃卓斯基",詹姆斯·麦克特格,http://www.imdb.com/title/tt0434409,2005,"剧情,动作,科幻,惊悚"
8.9,"刘德华,梁朝伟,黄秋生",无间道 無間道,香港电影史上永不过时的杰作。,"麦兆辉,庄文强","刘伟强,麦兆辉",http://www.imdb.com/title/tt0338564,2002,"悬疑,惊悚,犯罪"
9.0,"苏拉·沙玛,拉菲·斯波,伊尔凡·可汗",少年派的奇幻漂流 Life of Pi,瑰丽壮观、无人能及的冒险之旅。,"扬·马特尔,大卫·麦基",李安,"http://www.lifeofpimovie.com,http://www.imdb.com/title/tt0454876,https://site.douban.com/foxmovies/",2012,"剧情,奇幻,冒险"
8.8,"梅尔·吉布森,苏菲·玛索,布莱恩·考克斯",勇敢的心 Braveheart,史诗大片的典范。,兰道尔·华莱士,梅尔·吉布森,http://www.imdb.com/title/tt0112573,1995,"剧情,动作,传记,历史,战争"
8.9,"周星驰,吴孟达,罗家英",大话西游之月光宝盒 西遊記第壹佰零壹回之月光寶盒,旷古烁今。,"刘镇伟,吴承恩",刘镇伟,http://www.imdb.com/title/tt0112778,1995,"喜剧,动作,爱情,奇幻,冒险,古装"
8.7,"约翰尼·德普,薇诺娜·瑞德,黛安·韦斯特",剪刀手爱德华 Edward Scissorhands,浪漫忧郁的成人童话。,"卡罗琳·汤普森,蒂姆·波顿",蒂姆·波顿,http://www.imdb.com/title/tt0099487,1990,"剧情,爱情,奇幻"
8.9,"克里斯蒂安·贝尔,希斯·莱杰,艾伦·艾克哈特",蝙蝠侠：黑暗骑士 The Dark Knight,无尽的黑暗。,"乔纳森·诺兰,克里斯托弗·诺兰",克里斯托弗·诺兰,"http://thedarkknight.warnerbros.com,http://www.imdb.com/title/tt0468569",2008,"剧情,动作,科幻,惊悚,犯罪"
